Central/Western,past-24-hours-pollutant-concentration45fd.html?stationid=80
Eastern,past-24-hours-pollutant-concentratione1a6.html?stationid=73
Kwun Tong,past-24-hours-pollutant-concentrationfb71.html?stationid=74
Sham Shui Po,past-24-hours-pollutant-concentrationdb46.html?stationid=66
Kwai Chung,past-24-hours-pollutant-concentration30e8.html?stationid=72
Tsuen Wan,past-24-hours-pollutant-concentration228e.html?stationid=77
Tseung Kwan O,past-24-hours-pollutant-concentration0b35.html?stationid=83
Yuen Long,past-24-hours-pollutant-concentration1f2c.html?stationid=70
Tuen Mun,past-24-hours-pollutant-concentration537c.html?stationid=82
Tung Chung,past-24-hours-pollutant-concentrationf322.html?stationid=78
Tai Po,past-24-hours-pollutant-concentration6e9c.html?stationid=69
Sha Tin,past-24-hours-pollutant-concentration2c5f.html?stationid=75
Tap Mun,past-24-hours-pollutant-concentration233a.html?stationid=76
Causeway Bay,past-24-hours-pollutant-concentration5ca5.html?stationid=71
Central,past-24-hours-pollutant-concentrationf9dd.html?stationid=79
Mong Kok,past-24-hours-pollutant-concentration9c57.html?stationid=81
